general_tag,n,correct,accuracy
object_identification+class_list,531,165,0.3107
object_aggregation+count_instances,343,60,0.1749
object_aggregation+count_specific,314,55,0.1752
object_identification+single_class,208,67,0.3221
object_identification+class_at_quadrant,125,46,0.368
object_aggregation+count_classes,122,58,0.4754
spatial_localization_camera+object_quadrant,90,25,0.2778
object_aggregation+cooccurrence_binary,88,64,0.7273
object_aggregation+same_class_binary,88,41,0.4659
object_attributes+grasped_binary,87,48,0.5517
spatial_localization_camera+all_object_quadrants,67,14,0.209
object_attributes+occluded_by_instrument,60,17,0.2833
spatial_localization_camera+closest_to_image_center,56,23,0.4107
object_attributes+occluded_by_anatomy,38,15,0.3947
spatial_localization_situs+anatomical_region,12,12,1.0
spatial_localization_situs+other,8,5,0.625
object_attributes+other,7,3,0.4286
spatial_localization_situs+anatomical_contact,4,4,1.0
object_identification+other,2,0,0.0
spatial_localization_situs+anatomical_structure,1,1,1.0
temporal_localization+other,1,0,0.0
